Temporal_Rep,State,Plant_ID,Cluster_ID,Treatment,Movement,Fertilization,Host_Variation,Host_Species,ILN,LLL,FPLD_1,FPLD_2,FPLD_3,FPLD_4,FPLD_5,FPLD_6,FPLD_7,Total_FPLD,Mean_PLD,FSN,FSL,ISMM,ISM,FSMM,FSM,RGR,Notes
1,OR,M1,NA,MN_FN_HN,N,N,N,K,4,6,0,0,0.0,0.0,NA,NA,NA,0,0,1,T,NA,0.14975,NA,0.09984,-0.4053983324,Some of its guts came out while trying to get it off the tape.
1,OR,M2,NA,MN_FN_HN,N,N,N,K,3,5.95,0,0,0.0,NA,NA,NA,NA,0,0,1,B,NA,0.08664,NA,0.07826,-0.1017249859,NA
1,OR,M3,NA,MN_FN_HN,N,N,N,K,4,5.75,0,0,0.0,0.0,NA,NA,NA,0,0,1,S,NA,0.09194,NA,0.08524,-0.07566538315,NA
1,OR,M4,NA,MN_FN_HN,N,N,N,K,4,5.58,0,0,0.0,0.0,NA,NA,NA,0,0,1,S,NA,0.10077,NA,0.0854,-0.1654945915,NA
1,OR,M5,NA,MN_FN_HN,N,N,N,K,4,7.5,0,0,0.0,0.0,NA,NA,NA,0,0,1,B,NA,0.14683,NA,0.12911,-0.1286107008,NA
1,OR,M6,NA,MN_FN_HN,N,N,N,K,4,6,0,0,0.0,0.0,NA,NA,NA,0,0,1,B,NA,0.1273,NA,0.09239,-0.3205277579,NA
1,OR,M7,NA,MN_FN_HN,N,N,N,K,3,5.5,0,0,0.0,NA,NA,NA,NA,0,0,1,B,NA,0.1056,NA,0.0919,-0.1389573419,NA
1,OR,M8,NA,MN_FN_HN,N,N,N,K,4,6.3,0,0,0.0,0.0,NA,NA,NA,0,0,1,S,NA,0.10279,NA,0.09715,-0.0564318962,NA
1,OR,M9,NA,MN_FN_HN,N,N,N,K,4,6.4,0,0,0.0,0.0,NA,NA,NA,0,0,1,B,NA,0.12734,NA,0.11372,-0.1131213878,NA
1,OR,M10,NA,MN_FN_HN,N,N,N,K,4,5.8,0,0,0.0,0.0,NA,NA,NA,0,0,1,S,NA,0.06699,NA,0.06246,-0.07001700267,NA
1,OR,M11,NA,MN_FN_HN,N,N,N,K,3,5.85,0,0,0.0,NA,NA,NA,NA,0,0,1,B,NA,0.1047,NA,0.08959,-0.1558554113,NA
1,OR,M12,NA,MN_FN_HN,N,N,N,K,4,6.2,0,0,0.0,0.0,NA,NA,NA,0,0,1,B,NA,0.10611,NA,0.09288,-0.1331679545,NA
1,OR,M13,NA,MN_FN_HN,N,N,N,K,4,6.9,0,0,0.0,0.0,NA,NA,NA,0,0,1,T,NA,0.1152,NA,0.08131,-0.348400738,Some of its guts came out while trying to get it off the tape.
1,OR,M14,NA,MN_FN_HN,N,N,N,K,4,6.4,0,0,0.0,0.0,NA,NA,NA,0,0,1,B,NA,0.09183,NA,0.07748,-0.1699192031,NA
1,OR,M15,NA,MN_FN_HN,N,N,N,K,3,5.4,0,0,0.0,NA,NA,NA,NA,0,0,1,B,NA,0.11645,NA,0.09808,-0.1716785241,NA
1,OR,M16,NA,MN_FN_HN,N,N,N,K,4,6.3,0,0,0.0,0.0,NA,NA,NA,0,0,1,T,NA,0.10729,NA,0.06121,-0.5612248738,Some of its guts came out while trying to get it off the tape.
1,OR,M17,NA,MN_FN_HN,N,N,N,K,4,6.8,0,0,0.0,0.0,NA,NA,NA,0,0,1,B,NA,0.06141,NA,0.03977,-0.4344598291,NA
1,OR,M18,NA,MN_FN_HN,N,N,N,K,5,8.1,0,0,0.0,0.0,0.0,NA,NA,0,0,1,S,NA,0.01351,NA,0.00304,-1.491572637,NA
1,OR,M19,M19_M24,MY_FY_HN,Y,Y,N,K,5,8.6,0,0,0.0,0.0,0.0,NA,NA,0,0,0,NA,0.58203,0.097005,0.22349,0.07449666667,-0.2640081419,"2 spods found on tape, didn't weigh"
1,OR,M20,M19_M24,MY_FY_HN,Y,Y,N,K,5,9.2,0,0,0.0,0.0,0.0,NA,NA,0,0,1,S,0.58203,0.097005,0.22349,0.07449666667,-0.2640081419,Partially buried
1,OR,M21,M19_M24,MY_FY_HN,Y,Y,N,K,5,10,0,0,0.0,0.0,0.0,NA,NA,0,0,1,S,0.58203,0.097005,0.22349,0.07449666667,-0.2640081419,NA
1,OR,M22,M19_M24,MY_FY_HN,Y,Y,N,K,6,10.7,0,0,0.0,0.0,0.0,0.0,NA,0,0,1,S,0.58203,0.097005,0.22349,0.07449666667,-0.2640081419,NA
1,OR,M23,M19_M24,MY_FY_HN,Y,Y,N,K,5,9.7,0,0,0.0,0.0,0.0,NA,NA,0,0,0,NA,0.58203,0.097005,0.22349,0.07449666667,-0.2640081419,NA
1,OR,M24,M19_M24,MY_FY_HN,Y,Y,N,K,5,9.2,0,0,0.0,0.0,0.0,NA,NA,0,0,0,NA,0.58203,0.097005,0.22349,0.07449666667,-0.2640081419,NA
1,OR,M25,M25_M30,MY_FY_HN,Y,Y,N,K,4,10.4,0,0,0.0,0.0,NA,NA,NA,0,0,0,NA,0.63826,0.1063766667,0.36235,0.1207833333,0.1270120523,1 spod found between the pots on the table
1,OR,M26,M25_M30,MY_FY_HN,Y,Y,N,K,5,9.2,0,0,0.0,0.0,0.0,NA,NA,0,0,0,NA,0.63826,0.1063766667,0.36235,0.1207833333,0.1270120523,NA
1,OR,M27,M25_M30,MY_FY_HN,Y,Y,N,K,4,10,0,0,0.0,0.0,NA,NA,NA,0,0,1,S,0.63826,0.1063766667,0.36235,0.1207833333,0.1270120523,NA
1,OR,M28,M25_M30,MY_FY_HN,Y,Y,N,K,5,9.8,0,0,0.0,0.0,0.0,NA,NA,0,0,0,NA,0.63826,0.1063766667,0.36235,0.1207833333,0.1270120523,NA
1,OR,M29,M25_M30,MY_FY_HN,Y,Y,N,K,4,10.1,0,0,0.0,0.0,NA,NA,NA,0,0,1,S,0.63826,0.1063766667,0.36235,0.1207833333,0.1270120523,NA
1,OR,M30,M25_M30,MY_FY_HN,Y,Y,N,K,5,11.1,0,0,0.0,0.0,0.0,NA,NA,0,0,1,S,0.63826,0.1063766667,0.36235,0.1207833333,0.1270120523,NA
1,OR,M31,M31_M36,MY_FY_HN,Y,Y,N,K,6,9.5,0,4,0.0,0.0,0.0,NA,NA,4,0.6666666667,0,NA,0.70473,0.117455,0.14243,0.14243,0.1927953694,"2 spods stuck to the tape, didn't weigh"
1,OR,M32,M31_M36,MY_FY_HN,Y,Y,N,K,5,9.5,0,0,0.0,0.0,0.0,NA,NA,0,0,0,NA,0.70473,0.117455,0.14243,0.14243,0.1927953694,NA
1,OR,M33,M31_M36,MY_FY_HN,Y,Y,N,K,4,9,2,0,0.0,0.0,NA,NA,NA,2,0.5,1,P,0.70473,0.117455,0.14243,0.14243,0.1927953694,On the leaf with herbivory
1,OR,M34,M31_M36,MY_FY_HN,Y,Y,N,K,5,9.6,0,1,0.0,0.0,0.0,NA,NA,1,0.2,0,NA,0.70473,0.117455,0.14243,0.14243,0.1927953694,NA
1,OR,M35,M31_M36,MY_FY_HN,Y,Y,N,K,5,9.5,1,0,0.0,0.0,0.0,NA,NA,1,0.2,0,NA,0.70473,0.117455,0.14243,0.14243,0.1927953694,NA
1,OR,M36,M31_M36,MY_FY_HN,Y,Y,N,K,5,12,0,0,0.0,0.0,0.0,NA,NA,0,0,0,NA,0.70473,0.117455,0.14243,0.14243,0.1927953694,NA
2,OR,M37,M37,MN_FY_HN,N,Y,N,K,5,10.8,0,0,0.0,0.0,0.0,NA,NA,0,0,1,C,NA,0.17735,NA,0.1709,0.3530869723,NA
2,OR,M38,M38,MN_FY_HN,N,Y,N,K,4,7.8,0,0,0.0,0.0,NA,NA,NA,0,0,1,C,NA,0.12873,NA,0.11711,-0.09460352362,NA
2,OR,M39,M39,MN_FY_HN,N,Y,N,K,5,9.1,2,3,7.0,0.0,0.0,NA,NA,12,2.4,1,C,NA,0.12006,NA,0.1627,0.3039163964,NA
2,OR,M40,M40,MN_FY_HN,N,Y,N,K,5,8.4,1,0,1.0,5.0,0.0,NA,NA,7,1.4,1,C,NA,0.13281,NA,0.14418,0.08214298356,NA
2,OR,M41,M41,MN_FY_HN,N,Y,N,K,4,8.5,0,0,0.0,0.0,NA,NA,NA,0,0,1,C,NA,0.17248,NA,0.16899,-0.02044174615,NA
2,OR,M42,M42,MN_FY_HN,N,Y,N,K,5,8.8,0,3,0.0,0.0,0.0,NA,NA,3,0.6,1,C,NA,0.08719,NA,0.09876,0.124603019,NA
2,OR,M43,M43,MN_FY_HN,N,Y,N,K,5,9.2,0,0,4.0,0.0,0.0,NA,NA,4,0.8,1,C,NA,0.11194,NA,0.12939,0.1448680859,NA
2,OR,M44,M44,MN_FY_HN,N,Y,N,K,5,9.1,0,2,0.0,1.0,0.0,NA,NA,3,0.6,1,C,NA,0.17791,NA,0.18142,0.01953698074,NA
2,OR,M45,M45,MN_FY_HN,N,Y,N,K,5,8.7,0,0,0.0,0.0,0.0,NA,NA,0,0,1,C,NA,0.09286,NA,0.08305,-0.1116501465,NA
2,OR,M46,M46,MN_FY_HN,N,Y,N,K,5,9.2,10,0,0.0,0.0,0.0,NA,NA,10,2,1,C,NA,0.12794,NA,0.13418,0.04762077811,NA
2,OR,M47,M47,MN_FY_HN,N,Y,N,K,5,9.5,0,0,0.0,3.0,0.0,NA,NA,3,0.6,1,C,NA,0.08851,NA,0.09922,0.1142240669,NA
2,OR,M48,M48,MN_FY_HN,N,Y,N,K,5,9.3,20,0,0.0,0.0,0.0,NA,NA,20,4,1,C,NA,0.08233,NA,0.09104,0.1005634091,NA
2,OR,M49,M49,MN_FY_HN,N,Y,N,K,6,9.7,1,0,0.0,0.0,0.0,0.0,NA,1,0.1666666667,1,C,NA,0.15921,NA,0.15685,-0.01493415087,NA
2,OR,M50,M50,MN_FY_HN,N,Y,N,K,5,10,0,0,0.0,0.0,0.0,NA,NA,0,0,1,E,NA,0.13757,NA,0.11504,-0.1788529845,Found on the outside of bag 39
2,OR,M51,M51,MN_FY_HN,N,Y,N,K,5,10.8,0,0,0.0,0.0,8.0,NA,NA,8,1.6,1,S,NA,0.10624,NA,0.1217,0.1358583143,NA
2,OR,M52,M52,MN_FY_HN,N,Y,N,K,6,11.7,0,0,0.0,0.0,0.0,0.0,NA,0,0,1,C,NA,0.04538,NA,0.04086,-0.10491989,NA
2,OR,M53,M53,MN_FY_HN,N,Y,N,K,5,9.5,1,0,4.0,2.0,3.0,NA,NA,10,2,1,C,NA,0.1047,NA,0.12228,0.1552143791,NA
2,OR,M54,M54,MN_FY_HN,N,Y,N,K,5,9.2,0,4,0.0,0.0,0.0,NA,NA,4,0.8,1,P,NA,0.00962,NA,0.01428,0.3950156922,NA
2,OR,M55,M55_M60,MY_FN_HN,Y,N,N,K,4,7.1,0,3,0.0,0.0,NA,NA,NA,3,0.75,0,NA,0.17312,0.02885333333,0.27189,0.0679725,0.8568776852,1 found on the outside of the bag
2,OR,M56,M55_M60,MY_FN_HN,Y,N,N,K,4,6.8,3,2,0.0,5.0,NA,NA,NA,10,2.5,0,NA,0.17312,0.02885333333,0.27189,0.0679725,0.8568776852,NA
2,OR,M57,M55_M60,MY_FN_HN,Y,N,N,K,4,7.3,8,2,20.0,12.0,NA,NA,NA,42,10.5,0,NA,0.17312,0.02885333333,0.27189,0.0679725,0.8568776852,NA
2,OR,M58,M55_M60,MY_FN_HN,Y,N,N,K,4,6.6,2,0,0.0,1.0,NA,NA,NA,3,0.75,0,NA,0.17312,0.02885333333,0.27189,0.0679725,0.8568776852,NA
2,OR,M59,M55_M60,MY_FN_HN,Y,N,N,K,4,6.2,7,0,1.0,11.0,NA,NA,NA,19,4.75,1,S,0.17312,0.02885333333,0.27189,0.0679725,0.8568776852,NA
2,OR,M60,M55_M60,MY_FN_HN,Y,N,N,K,4,6.8,1,0,4.0,3.0,NA,NA,NA,8,2,3,P,0.17312,0.02885333333,0.27189,0.0679725,0.8568776852,NA
2,OR,M61,M61_M66,MY_FN_HN,Y,N,N,K,4,5.6,0,3,0.0,2.0,NA,NA,NA,5,1.25,0,NA,0.12983,0.02163833333,0.1885,0.06283333333,1.066019285,NA
2,OR,M62,M61_M66,MY_FN_HN,Y,N,N,K,4,7,15,1,15.0,5.0,NA,NA,NA,36,9,1,S,0.12983,0.02163833333,0.1885,0.06283333333,1.066019285,NA
2,OR,M63,M61_M66,MY_FN_HN,Y,N,N,K,3,6,1,0,0.0,NA,NA,NA,NA,1,0.3333333333,0,NA,0.12983,0.02163833333,0.1885,0.06283333333,1.066019285,NA
2,OR,M64,M61_M66,MY_FN_HN,Y,N,N,K,4,5.5,0,0,0.0,0.0,NA,NA,NA,0,0,0,NA,0.12983,0.02163833333,0.1885,0.06283333333,1.066019285,NA
2,OR,M65,M61_M66,MY_FN_HN,Y,N,N,K,4,6.4,0,0,0.0,0.0,NA,NA,NA,0,0,0,NA,0.12983,0.02163833333,0.1885,0.06283333333,1.066019285,NA
2,OR,M66,M61_M66,MY_FN_HN,Y,N,N,K,3,5.4,25,25,1.0,NA,NA,NA,NA,51,17,2,P,0.12983,0.02163833333,0.1885,0.06283333333,1.066019285,NA
2,OR,M67,M67_M72,MY_FN_HN,Y,N,N,K,4,7.1,2,2,0.0,12.0,NA,NA,NA,16,4,0,NA,0.12309,0.020515,0.11291,0.03763666667,0.6068224266,3 found on the bag
2,OR,M68,M67_M72,MY_FN_HN,Y,N,N,K,4,5.5,1,0,0.0,0.0,NA,NA,NA,1,0.25,0,NA,0.12309,0.020515,0.11291,0.03763666667,0.6068224266,NA
2,OR,M69,M67_M72,MY_FN_HN,Y,N,N,K,4,6.1,0,1,5.0,0.0,NA,NA,NA,6,1.5,0,NA,0.12309,0.020515,0.11291,0.03763666667,0.6068224266,NA
2,OR,M70,M67_M72,MY_FN_HN,Y,N,N,K,4,7.3,2,2,1.0,1.0,NA,NA,NA,6,1.5,0,NA,0.12309,0.020515,0.11291,0.03763666667,0.6068224266,NA
2,OR,M71,M67_M72,MY_FN_HN,Y,N,N,K,4,6,7,0,0.0,0.0,NA,NA,NA,7,1.75,0,NA,0.12309,0.020515,0.11291,0.03763666667,0.6068224266,NA
2,OR,M72,M67_M72,MY_FN_HN,Y,N,N,K,4,6.6,0,0,0.0,7.0,NA,NA,NA,7,1.75,0,NA,0.12309,0.020515,0.11291,0.03763666667,0.6068224266,NA
3,OR,M73,M73,MN_FN_HN,N,N,N,K,4,6,1,15,35.0,15.0,5.0,NA,NA,71,17.75,1,C,NA,0.05389,NA,0.11184,0.3650621733,NA
3,OR,M74,M74,MN_FN_HN,N,N,N,K,3,4.6,45,35,30.0,NA,NA,NA,NA,110,36.66666667,1,C,NA,0.04732,NA,0.09484,0.347629111,NA
3,OR,M75,M75,MN_FN_HN,N,N,N,K,3,4.6,60,35,45.0,NA,NA,NA,NA,140,46.66666667,1,C,NA,0.04258,NA,0.10625,0.4572050742,NA
3,OR,M76,M76,MN_FN_HN,N,N,N,K,4,5.6,15,27,15.0,5.0,NA,NA,NA,62,15.5,1,C,NA,0.04514,NA,0.09041,0.3472930547,NA
3,OR,M77,M77,MN_FN_HN,N,N,N,K,4,5.8,30,27,75.0,25.0,NA,NA,NA,157,39.25,1,C,NA,0.05405,NA,0.14487,0.4929636222,NA
3,OR,M78,M78,MN_FN_HN,N,N,N,K,4,5.6,5,80,25.0,15.0,NA,NA,NA,125,31.25,1,C,NA,0.03666,NA,0.13687,0.6586726639,NA
3,OR,M79,M79,MN_FN_HN,N,N,N,K,3,4,25,8,60.0,NA,NA,NA,NA,93,31,1,C,NA,0.05941,NA,0.10218,0.2711367008,NA
3,OR,M80,M80,MN_FN_HN,N,N,N,K,3,3.9,12,6,7.0,NA,NA,NA,NA,25,8.333333333,1,C,NA,0.04613,NA,0.0558,0.09515518591,NA
3,OR,M81,M81,MN_FN_HN,N,N,N,K,4,6.2,0,15,8.0,6.0,NA,NA,NA,29,7.25,1,C,NA,0.04209,NA,0.07246,0.2716122513,NA
3,OR,M82,M82,MN_FN_HN,N,N,N,K,3,4.6,7,17,5.0,NA,NA,NA,NA,29,9.666666667,1,C,NA,0.0471,NA,0.07964,0.2626217391,NA
3,OR,M83,M83,MN_FN_HN,N,N,N,K,4,5.1,23,19,45.0,18.0,NA,NA,NA,105,26.25,1,C,NA,0.03951,NA,0.11631,0.539852618,NA
3,OR,M84,M84,MN_FN_HN,N,N,N,K,3,4,2,2,5.0,NA,NA,NA,NA,9,3,1,C,NA,0.04546,NA,0.05199,0.06710928699,NA
3,OR,M85,M85,MN_FN_HN,N,N,N,K,4,5.2,15,18,6.0,5.0,NA,NA,NA,44,11,1,C,NA,0.05264,NA,0.08546,0.2422860716,NA
3,OR,M86,M86,MN_FN_HN,N,N,N,K,3,5,15,13,3.0,NA,NA,NA,NA,31,10.33333333,1,C,NA,0.04221,NA,0.06541,0.2190089961,NA
3,OR,M87,M87,MN_FN_HN,N,N,N,K,3,5,5,20,16.0,NA,NA,NA,NA,41,13.66666667,1,C,NA,0.04382,NA,0.06999,0.2341310203,NA
3,OR,M88,M88,MN_FN_HN,N,N,N,K,3,4,50,40,35.0,NA,NA,NA,NA,125,41.66666667,1,C,NA,0.05223,NA,0.10618,0.3547393624,NA
3,OR,M89,M89,MN_FN_HN,N,N,N,K,4,6.1,40,50,55.0,15.0,NA,NA,NA,160,40,1,C,NA,0.08881,NA,0.16569,0.3118096582,NA
3,OR,M90,M90,MN_FN_HN,N,N,N,K,4,4.8,47,38,15.0,20.0,NA,NA,NA,120,30,1,C,NA,0.04058,NA,0.08686,0.3805111464,NA
3,OR,M91,M91_M96,MY_FY_HN,Y,Y,N,K,5,8.9,1,3,7.0,1.0,1.0,NA,NA,13,2.6,0,NA,0.2779,0.04631666667,0.46427,0.07737833333,0.2566024714,4 found on bag
3,OR,M92,M91_M96,MY_FY_HN,Y,Y,N,K,5,9.1,2,1,3.0,5.0,1.0,NA,NA,12,2.4,0,NA,0.2779,0.04631666667,0.46427,0.07737833333,0.2566024714,NA
3,OR,M93,M91_M96,MY_FY_HN,Y,Y,N,K,5,8.8,4,5,4.0,1.0,6.0,NA,NA,20,4,1,S,0.2779,0.04631666667,0.46427,0.07737833333,0.2566024714,NA
3,OR,M94,M91_M96,MY_FY_HN,Y,Y,N,K,6,9.6,5,9,2.0,1.0,0.0,0.0,NA,17,2.833333333,0,NA,0.2779,0.04631666667,0.46427,0.07737833333,0.2566024714,NA
3,OR,M95,M91_M96,MY_FY_HN,Y,Y,N,K,5,8.6,7,2,15.0,2.0,0.0,NA,NA,26,5.2,1,S,0.2779,0.04631666667,0.46427,0.07737833333,0.2566024714,NA
3,OR,M96,M91_M96,MY_FY_HN,Y,Y,N,K,5,9.3,7,1,6.0,7.0,0.0,NA,NA,21,4.2,0,NA,0.2779,0.04631666667,0.46427,0.07737833333,0.2566024714,NA
3,OR,M97,M97_M102,MY_FY_HN,Y,Y,N,K,4,8.4,1,4,5.0,1.0,0.0,NA,NA,11,2.75,0,NA,0.31946,0.05324333333,0.73437,0.122395,0.4161904592,NA
3,OR,M98,M97_M102,MY_FY_HN,Y,Y,N,K,3,9.7,0,14,5.0,NA,NA,NA,NA,19,6.333333333,0,NA,0.31946,0.05324333333,0.73437,0.122395,0.4161904592,Wilting damage extensive prior to start
3,OR,M99,M97_M102,MY_FY_HN,Y,Y,N,K,5,8.1,2,20,15.0,5.0,3.0,NA,NA,45,9,0,NA,0.31946,0.05324333333,0.73437,0.122395,0.4161904592,NA
3,OR,M100,M97_M102,MY_FY_HN,Y,Y,N,K,4,7.9,10,0,10.0,6.0,0.0,NA,NA,26,6.5,0,NA,0.31946,0.05324333333,0.73437,0.122395,0.4161904592,NA
3,OR,M101,M97_M102,MY_FY_HN,Y,Y,N,K,5,9.3,2,1,5.0,9.0,1.0,NA,NA,18,3.6,0,NA,0.31946,0.05324333333,0.73437,0.122395,0.4161904592,NA
3,OR,M102,M97_M102,MY_FY_HN,Y,Y,N,K,5,10.2,20,20,7.0,10.0,5.0,NA,NA,62,12.4,1,S,0.31946,0.05324333333,0.73437,0.122395,0.4161904592,NA
3,OR,M103,M103_M108,MY_FY_HN,Y,Y,N,K,5,7.6,0,3,3.0,1.0,0.0,NA,NA,7,1.4,0,NA,0.27911,0.04651833333,0.52993,0.105986,0.4117302549,1 escaped during starvation and got smooshed on the ground
3,OR,M104,M103_M108,MY_FY_HN,Y,Y,N,K,6,8.4,0,6,17.0,6.0,1.0,1.0,NA,31,5.166666667,1,S,0.27911,0.04651833333,0.52993,0.105986,0.4117302549,NA
3,OR,M105,M103_M108,MY_FY_HN,Y,Y,N,K,6,9.9,2,0,2.0,0.0,0.0,0.0,NA,4,0.6666666667,0,NA,0.27911,0.04651833333,0.52993,0.105986,0.4117302549,NA
3,OR,M106,M103_M108,MY_FY_HN,Y,Y,N,K,5,8.8,2,2,6.0,1.0,2.0,NA,NA,13,2.6,0,NA,0.27911,0.04651833333,0.52993,0.105986,0.4117302549,Wilting damage extensive prior to start
3,OR,M107,M103_M108,MY_FY_HN,Y,Y,N,K,6,8.9,27,7,0.0,13.0,0.0,0.0,NA,47,7.833333333,0,NA,0.27911,0.04651833333,0.52993,0.105986,0.4117302549,NA
3,OR,M108,M103_M108,MY_FY_HN,Y,Y,N,K,5,12.1,7,1,13.0,6.0,0.0,NA,NA,27,5.4,0,NA,0.27911,0.04651833333,0.52993,0.105986,0.4117302549,NA
4,OR,M109,M109_M114,MY_FN_HN,Y,N,N,K,3,3.8,6,15,25.0,NA,NA,NA,NA,46,15.33333333,0,NA,0.37797,0.062995,0.55951,0.09325166667,0.1961232867,"3 found on the bag. 1 leaf not attached to any plant, had no herbivory."
4,OR,M110,M109_M114,MY_FN_HN,Y,N,N,K,3,5.5,35,45,55.0,NA,NA,NA,NA,135,45,2,S,0.37797,0.062995,0.55951,0.09325166667,0.1961232867,NA
4,OR,M111,M109_M114,MY_FN_HN,Y,N,N,K,3,5,5,45,75.0,NA,NA,NA,NA,125,41.66666667,1,S,0.37797,0.062995,0.55951,0.09325166667,0.1961232867,NA
4,OR,M112,M109_M114,MY_FN_HN,Y,N,N,K,3,3.4,6,5,25.0,NA,NA,NA,NA,36,12,0,NA,0.37797,0.062995,0.55951,0.09325166667,0.1961232867,NA
4,OR,M113,M109_M114,MY_FN_HN,Y,N,N,K,4,4.5,0,25,20.0,10.0,NA,NA,NA,55,13.75,0,NA,0.37797,0.062995,0.55951,0.09325166667,0.1961232867,*I believe the extra leaf went to this plant.
4,OR,M114,M109_M114,MY_FN_HN,Y,N,N,K,3,3.3,0,6,0.0,NA,NA,NA,NA,6,2,0,NA,0.37797,0.062995,0.55951,0.09325166667,0.1961232867,NA
4,OR,M115,M115_M120,MY_FN_HN,Y,N,N,K,3,3.7,10,7,95.0,NA,NA,NA,NA,112,37.33333333,0,NA,0.35253,0.058755,0.63643,0.1060716667,0.2953693553,4 found on bag.
4,OR,M116,M115_M120,MY_FN_HN,Y,N,N,K,3,3.4,40,6,35.0,NA,NA,NA,NA,81,27,2,P,0.35253,0.058755,0.63643,0.1060716667,0.2953693553,NA
4,OR,M117,M115_M120,MY_FN_HN,Y,N,N,K,3,3.9,65,70,10.0,NA,NA,NA,NA,145,48.33333333,0,NA,0.35253,0.058755,0.63643,0.1060716667,0.2953693553,NA
4,OR,M118,M115_M120,MY_FN_HN,Y,N,N,K,3,3.6,60,40,95.0,NA,NA,NA,NA,195,65,0,NA,0.35253,0.058755,0.63643,0.1060716667,0.2953693553,NA
4,OR,M119,M115_M120,MY_FN_HN,Y,N,N,K,3,4,0,35,20.0,NA,NA,NA,NA,55,18.33333333,0,NA,0.35253,0.058755,0.63643,0.1060716667,0.2953693553,NA
4,OR,M120,M115_M120,MY_FN_HN,Y,N,N,K,3,4.8,30,35,15.0,NA,NA,NA,NA,80,26.66666667,0,NA,0.35253,0.058755,0.63643,0.1060716667,0.2953693553,NA
4,OR,M121,M121_M126,MY_FN_HN,Y,N,N,K,4,4.1,100,20,20.0,97.0,NA,NA,NA,237,59.25,0,NA,0.35036,0.05839333333,0.44642,0.111605,0.3238820619,"2 found on bag, 2 not found at all."
4,OR,M122,M121_M126,MY_FN_HN,Y,N,N,K,3,3.1,0,2,18.0,NA,NA,NA,NA,20,6.666666667,0,NA,0.35036,0.05839333333,0.44642,0.111605,0.3238820619,NA
4,OR,M123,M121_M126,MY_FN_HN,Y,N,N,K,4,4.4,35,15,6.0,25.0,NA,NA,NA,81,20.25,0,NA,0.35036,0.05839333333,0.44642,0.111605,0.3238820619,NA
4,OR,M124,M121_M126,MY_FN_HN,Y,N,N,K,3,3.1,90,25,35.0,NA,NA,NA,NA,150,50,2,S,0.35036,0.05839333333,0.44642,0.111605,0.3238820619,NA
4,OR,M125,M121_M126,MY_FN_HN,Y,N,N,K,3,3.8,0,5,18.0,NA,NA,NA,NA,23,7.666666667,0,NA,0.35036,0.05839333333,0.44642,0.111605,0.3238820619,NA
4,OR,M126,M121_M126,MY_FN_HN,Y,N,N,K,3,3.7,60,75,100.0,NA,NA,NA,NA,235,78.33333333,0,NA,0.35036,0.05839333333,0.44642,0.111605,0.3238820619,NA
4,OR,M127,M127,MN_FY_HN,N,Y,N,K,4,9,3,10,12.0,1.0,NA,NA,NA,26,6.5,1,C,NA,0.04543,NA,0.14634,0.5848800008,NA
4,OR,M128,M128,MN_FY_HN,N,Y,N,K,4,9.4,5,5,3.0,2.0,NA,NA,NA,15,3.75,1,C,NA,0.05418,NA,0.17916,0.5979837123,NA
4,OR,M129,M129,MN_FY_HN,N,Y,N,K,4,9.6,3,1,15.0,2.0,NA,NA,NA,21,5.25,1,C,NA,0.05769,NA,0.17187,0.5458272644,NA
4,OR,M130,M130,MN_FY_HN,N,Y,N,K,5,9,0,1,15.0,2.0,1.0,NA,NA,19,3.8,1,C,NA,0.04954,NA,0.16444,0.599882669,NA
4,OR,M131,M131,MN_FY_HN,N,Y,N,K,4,9.2,2,2,20.0,6.0,NA,NA,NA,30,7.5,1,C,NA,0.05789,NA,0.15386,0.48874922,NA
4,OR,M132,M132,MN_FY_HN,N,Y,N,K,5,9.8,0,4,15.0,3.0,0.0,NA,NA,22,4.4,1,C,NA,0.05882,NA,0.17185,0.5360700351,NA
4,OR,M133,M133,MN_FY_HN,N,Y,N,K,5,9.9,1,1,0.0,1.0,0.0,NA,NA,3,0.6,1,C,NA,0.05922,NA,0.0577,-0.01300107458,NA
4,OR,M134,M134,MN_FY_HN,N,Y,N,K,5,9,7,1,1.0,10.0,1.0,NA,NA,20,4,1,C,NA,0.04967,NA,0.13311,0.4928873625,NA
4,OR,M135,M135,MN_FY_HN,N,Y,N,K,5,9.2,0,3,1.0,6.0,1.0,NA,NA,22,4.4,1,C,NA,0.05205,NA,0.12999,0.4576263647,NA
4,OR,M136,M136,MN_FY_HN,N,Y,N,K,5,8.3,0,0,6.0,0.0,0.0,NA,NA,11,2.2,1,C,NA,0.05039,NA,0.08082,0.2362158585,NA
4,OR,M137,M137,MN_FY_HN,N,Y,N,K,5,9.2,2,3,3.0,5.0,2.0,NA,NA,6,1.2,1,C,NA,0.05591,NA,0.12441,0.3999196539,NA
4,OR,M138,M138,MN_FY_HN,N,Y,N,K,5,9.9,2,6,6.0,1.0,1.0,NA,NA,15,3,1,C,NA,0.04647,NA,0.13504,0.5333820439,NA
4,OR,M139,M139,MN_FY_HN,N,Y,N,K,5,10.5,1,8,10.0,1.0,0.0,NA,NA,16,3.2,1,C,NA,0.05688,NA,0.16337,0.5275368908,NA
4,OR,M140,M140,MN_FY_HN,N,Y,N,K,4,9,4,1,12.0,5.0,0.0,NA,NA,20,5,1,C,NA,0.04819,NA,0.16776,0.623691428,NA
4,OR,M141,M141,MN_FY_HN,N,Y,N,K,5,12,0,0,3.0,15.0,1.0,0.0,NA,22,4.4,1,C,NA,0.07024,NA,0.19816,0.5185784179,NA
4,OR,M142,M142,MN_FY_HN,N,Y,N,K,5,9.9,1,1,4.0,5.0,0.0,NA,NA,19,3.8,1,C,NA,0.06496,NA,0.17998,0.5095370189,NA
4,OR,M143,M143,MN_FY_HN,N,Y,N,K,5,10.1,5,12,4.0,1.0,NA,NA,NA,11,2.2,1,C,NA,0.06668,NA,0.14188,0.377538286,NA
4,OR,M144,M144,MN_FY_HN,N,Y,N,K,4,10,2,1,15.0,4.0,0.0,NA,NA,22,5.5,1,C,NA,0.05907,NA,0.16887,0.5252030034,NA
5,OR,M145,M145,MN_FN_HN,N,N,N,K,4,8.5,0,25,12.0,3.0,NA,NA,NA,40,10,1,NA,NA,0.05606,NA,0.18753,0.6037581434,NA
5,OR,M146,M146,MN_FN_HN,N,N,N,K,5,8.7,1,1,20.0,0.0,0.0,NA,NA,22,4.4,1,NA,NA,0.05606,NA,0.12225,0.3898227913,NA
5,OR,M147,M147,MN_FN_HN,N,N,N,K,5,8.6,0,7,17.0,10.0,0.0,NA,NA,34,6.8,1,NA,NA,0.0519,NA,0.12416,0.4361261331,NA
5,OR,M148,M148,MN_FN_HN,N,N,N,K,4,7.5,5,0,19.0,15.0,NA,NA,NA,39,9.75,1,NA,NA,0.0603,NA,0.11825,0.3367344618,NA
5,OR,M149,M149,MN_FN_HN,N,N,N,K,4,5.8,0,0,18.0,20.0,NA,NA,NA,38,9.5,1,NA,NA,0.06922,NA,0.10969,0.2301841836,NA
5,OR,M150,M150,MN_FN_HN,N,N,N,K,4,5.5,1,8,4.0,25.0,NA,NA,NA,38,9.5,1,P,NA,0.05785,NA,0.13259,0.4147041032,NA
5,OR,M151,M151,MN_FN_HN,N,N,N,K,4,8.8,0,0,12.0,10.0,NA,NA,NA,22,5.5,1,NA,NA,0.06643,NA,0.13253,0.3453301366,NA
5,OR,M152,M152,MN_FN_HN,N,N,N,K,3,4.2,0,0,0.0,NA,NA,NA,NA,0,0,1,NA,NA,0.0231,NA,0.01843,-0.1129264229,NA
5,OR,M153,M153,MN_FN_HN,N,N,N,K,4,5,27,7,70.0,12.0,NA,NA,NA,116,29,1,NA,NA,0.05296,NA,0.09973,0.3164648114,NA
5,OR,M154,M154,MN_FN_HN,N,N,N,K,5,8.3,2,0,27.0,5.0,0.0,NA,NA,34,6.8,1,NA,NA,0.0479,NA,0.14241,0.5447973584,NA
5,OR,M155,M155,MN_FN_HN,N,N,N,K,3,5.1,1,50,12.0,NA,NA,NA,NA,63,21,1,NA,NA,0.05677,NA,0.09984,0.2822804437,NA
5,OR,M156,M156,MN_FN_HN,N,N,N,K,4,6.5,1,20,15.0,10.0,NA,NA,NA,46,11.5,1,NA,NA,0.06837,NA,0.13901,0.3548058705,NA
5,OR,M157,M157,MN_FN_HN,N,N,N,K,4,6.7,10,0,18.0,75.0,NA,NA,NA,103,25.75,1,NA,NA,0.06109,NA,0.15117,0.4530284223,NA
5,OR,M158,M158,MN_FN_HN,N,N,N,K,5,8.6,0,1,6.0,0.0,6.0,NA,NA,13,2.6,1,NA,NA,0.06078,NA,0.09989,0.2484043965,NA
5,OR,M159,M159,MN_FN_HN,N,N,N,K,5,9.5,0,6,15.0,0.0,1.0,NA,NA,22,4.4,1,NA,NA,0.0655,NA,0.16038,0.4477479284,NA
5,OR,M160,M160,MN_FN_HN,N,N,N,K,4,7.9,0,1,20.0,5.0,NA,NA,NA,26,6.5,1,NA,NA,0.05651,NA,0.12459,0.3953053663,NA
5,OR,M161,M161,MN_FN_HN,N,N,N,K,4,7.3,2,6,11.0,5.0,NA,NA,NA,24,6,1,NA,NA,0.06135,NA,0.10693,0.2777896218,NA
5,OR,M162,M162,MN_FN_HN,N,N,N,K,4,6.5,1,2,22.0,8.0,NA,NA,NA,33,8.25,1,NA,NA,0.04982,NA,0.08973,0.2941943257,NA
5,OR,M163,M163-M168,MY_FY_HN,Y,Y,N,K,3,11.5,1,0,4.0,NA,NA,NA,NA,5,1.666666667,1,NA,0.31239,0.052065,0.59992,0.09998666667,0.3262719529,NA
5,OR,M164,M163-M168,MY_FY_HN,Y,Y,N,K,6,13.9,0,7,2.0,1.0,1.0,2.0,NA,13,2.166666667,1,NA,0.31239,0.052065,0.59992,0.09998666667,0.3262719529,NA
5,OR,M165,M163-M168,MY_FY_HN,Y,Y,N,K,6,13.1,15,0,0.0,10.0,1.0,1.0,NA,27,4.5,1,NA,0.31239,0.052065,0.59992,0.09998666667,0.3262719529,NA
5,OR,M166,M163-M168,MY_FY_HN,Y,Y,N,K,6,14.3,0,1,3.0,4.0,1.0,0.0,NA,9,1.5,1,NA,0.31239,0.052065,0.59992,0.09998666667,0.3262719529,NA
5,OR,M167,M163-M168,MY_FY_HN,Y,Y,N,K,5,10.8,7,1,10.0,1.0,1.0,3.0,NA,23,4.6,1,NA,0.31239,0.052065,0.59992,0.09998666667,0.3262719529,NA
5,OR,M168,M163-M168,MY_FY_HN,Y,Y,N,K,4,11.5,2,0,2.0,1.0,NA,NA,NA,5,1.25,1,NA,0.31239,0.052065,0.59992,0.09998666667,0.3262719529,NA
5,OR,M169,M169-M174,MY_FY_HN,Y,Y,N,K,7,13.4,15,25,3.0,1.0,3.0,1.0,0.0,48,6.857142857,1,NA,0.32602,0.05433666667,0.57056,0.114112,0.3709905811,NA
5,OR,M170,M169-M174,MY_FY_HN,Y,Y,N,K,6,11.1,0,10,0.0,0.0,0.0,0.0,NA,10,1.666666667,1,NA,0.32602,0.05433666667,0.57056,0.114112,0.3709905811,NA
5,OR,M171,M169-M174,MY_FY_HN,Y,Y,N,K,4,12.3,6,0,3.0,1.0,NA,NA,NA,10,2.5,1,NA,0.32602,0.05433666667,0.57056,0.114112,0.3709905811,NA
5,OR,M172,M169-M174,MY_FY_HN,Y,Y,N,K,6,14.5,0,0,5.0,5.0,3.0,5.0,NA,18,3,1,NA,0.32602,0.05433666667,0.57056,0.114112,0.3709905811,NA
5,OR,M173,M169-M174,MY_FY_HN,Y,Y,N,K,6,14.6,0,0,0.0,16.0,5.0,3.0,0.0,24,4,1,NA,0.32602,0.05433666667,0.57056,0.114112,0.3709905811,NA
5,OR,M174,M169-M174,MY_FY_HN,Y,Y,N,K,4,12,0,3,2.0,0.0,NA,NA,NA,5,1.25,1,NA,0.32602,0.05433666667,0.57056,0.114112,0.3709905811,NA
5,OR,M175,M175-M180,MY_FY_HN,Y,Y,N,K,6,13.5,0,0,0.0,10.0,5.0,0.0,NA,15,2.5,1,NA,0.29047,0.04841166667,0.66018,0.11003,0.4105061122,NA
5,OR,M176,M175-M180,MY_FY_HN,Y,Y,N,K,4,13.2,0,0,1.0,3.0,NA,NA,NA,4,1,1,NA,0.29047,0.04841166667,0.66018,0.11003,0.4105061122,Broke one Leaf while putting it in bag
5,OR,M177,M175-M180,MY_FY_HN,Y,Y,N,K,6,13.1,7,2,1.0,6.0,5.0,1.0,NA,22,3.666666667,1,NA,0.29047,0.04841166667,0.66018,0.11003,0.4105061122,NA
5,OR,M178,M175-M180,MY_FY_HN,Y,Y,N,K,6,13.1,18,0,3.0,1.0,4.0,0.0,NA,26,4.333333333,1,NA,0.29047,0.04841166667,0.66018,0.11003,0.4105061122,NA
5,OR,M179,M175-M180,MY_FY_HN,Y,Y,N,K,5,12.6,0,12,1.0,1.0,0.0,NA,NA,14,2.8,1,NA,0.29047,0.04841166667,0.66018,0.11003,0.4105061122,NA
5,OR,M180,M175-M180,MY_FY_HN,Y,Y,N,K,6,14.1,3,0,2.0,2.0,10.0,0.0,NA,17,2.833333333,1,NA,0.29047,0.04841166667,0.66018,0.11003,0.4105061122,NA
1,FL,S1,NA,MN_FY_HN,N,Y,N,K,3,12,3,0,0.0,NA,NA,NA,NA,3,1,0,NA,NA,0.0491,NA,NA,NA,Caterpillar not found
1,FL,S2,NA,MN_FY_HN,N,Y,N,K,4,11.2,0,0,0.0,0.0,NA,NA,NA,0,0,0,NA,NA,0.0452,NA,NA,NA,Caterpillar not found
1,FL,S3,NA,MN_FY_HN,N,Y,N,K,4,11.2,0,0,0.0,8.0,NA,NA,NA,8,2,1,NA,NA,0.0688,NA,0.1391,0.703989354,NA
1,FL,S4,NA,MN_FY_HN,N,Y,N,K,6,14.9,0,0,0.0,12.0,0.0,1.0,NA,13,2.166666667,1,NA,NA,0.0814,NA,0.1961,0.8792494602,NA
1,FL,S5,NA,MN_FY_HN,N,Y,N,K,5,10.4,0,0,0.0,0.0,0.0,NA,NA,0,0,0,NA,NA,0.0727,NA,NA,NA,Caterpillar not found
1,FL,S6,NA,MN_FY_HN,N,Y,N,K,5,9.5,10,0,0.0,0.0,0.0,NA,NA,10,2,0,NA,NA,0.0447,NA,NA,NA,Caterpillar not found
1,FL,S7,NA,MN_FY_HN,N,Y,N,K,5,11.7,0,0,0.0,5.0,NA,NA,NA,5,1,1,NA,NA,0.0843,NA,0.1613,0.6488841201,NA
1,FL,S8,NA,MN_FY_HN,N,Y,N,K,6,10.7,0,1,1.0,0.0,0.0,0.0,NA,2,0.3333333333,0,NA,NA,0.0575,NA,NA,NA,Caterpillar not found
1,FL,S9,NA,MN_FY_HN,N,Y,N,K,6,11.5,0,0,12.0,0.0,0.0,5.0,NA,17,2.833333333,1,NA,NA,0.0697,NA,0.1751,0.9211569215,NA
1,FL,S10,NA,MN_FY_HN,N,Y,N,K,5,11.2,0,0,0.0,0.0,20.0,NA,NA,20,4,1,NA,NA,0.0496,NA,0.2192,1.485993721,NA
1,FL,S11,NA,MN_FY_HN,N,Y,N,K,7,14.1,0,0,0.0,1.0,0.0,0.0,0.0,1,0.1428571429,0,NA,NA,0.1938,NA,NA,NA,Caterpillar not found
1,FL,S12,NA,MN_FY_HN,N,Y,N,K,5,11.8,0,0,8.0,1.0,1.0,NA,NA,10,2,1,NA,NA,0.0631,NA,0.1462,0.8402547778,NA
1,FL,S13,NA,MN_FY_HN,N,Y,N,K,6,11.7,0,0,15.0,0.0,0.0,0.0,NA,15,2.5,1,NA,NA,0.0663,NA,0.1696,0.9392528262,NA
1,FL,S14,NA,MN_FY_HN,N,Y,N,K,6,11.4,0,0,0.0,0.0,0.0,0.0,NA,0,0,0,NA,NA,0.0843,NA,NA,NA,Caterpillar not found
1,FL,S15,NA,MN_FY_HN,N,Y,N,K,5,13.1,0,0,0.0,0.0,0.0,NA,NA,0,0,0,S,NA,0.0449,NA,NA,NA,Caterpillar not found
1,FL,S16,NA,MN_FY_HN,N,Y,N,K,6,10.6,0,0,0.0,0.0,2.0,0.0,NA,2,0.3333333333,0,NA,NA,0.069,NA,0.2062,1.094740067,NA
1,FL,S17,NA,MN_FY_HN,N,Y,N,K,5,12.1,0,0,1.0,0.0,0.0,NA,NA,1,0.2,0,NA,NA,0.0391,NA,NA,NA,Caterpillar not found
1,FL,S18,NA,MN_FY_HN,N,Y,N,K,6,13,0,0,0.0,0.0,8.0,0.0,NA,8,1.333333333,0,NA,NA,0.1025,NA,NA,NA,Caterpillar not found
1,FL,S19,S19_S24,MY_FN_HN,Y,N,N,K,5,9,1,0,0.0,0.0,0.0,NA,NA,1,0.2,0,NA,0.4378,0.08664,0.61455,0.553123,1.853818797,NA
1,FL,S20,S19_S24,MY_FN_HN,Y,N,N,K,5,8.6,0,45,0.0,1.0,0.0,NA,NA,46,9.2,0,NA,0.4378,0.09194,0.61455,0.63214,1.927974698,NA
1,FL,S21,S19_S24,MY_FN_HN,Y,N,N,K,5,10,0,0,0.0,15.0,0.0,NA,NA,15,3,0,NA,0.5153,0.10077,0.61455,0.65321,1.869057978,NA
1,FL,S22,S19_S24,MY_FN_HN,Y,N,N,K,5,9.3,25,12,2.0,0.0,0.0,NA,NA,39,7.8,0,NA,0.4378,0.14683,0.61455,0.65433,1.494336356,NA
1,FL,S23,S19_S24,MY_FN_HN,Y,N,N,K,5,8.6,3,0,0.0,0.0,0.0,NA,NA,3,0.6,0,NA,0.5153,0.1273,0.61455,0.65312,1.635214374,NA
1,FL,S24,S19_S24,MY_FN_HN,Y,N,N,K,5,11.2,0,0,3.0,0.0,0.0,NA,NA,3,0.6,0,NA,0.4378,0.1056,0.61455,0.12366,0.1578774929,NA
1,FL,S25,S25_S30,MY_FN_HN,Y,N,N,K,6,9.8,0,0,0.0,0.0,0.0,0.0,NA,0,0,0,NA,0.4378,0.10279,0.61455,0.32152,1.140371678,NA
1,FL,S26,S25_S30,MY_FN_HN,Y,N,N,K,5,8.4,12,10,8.0,20.0,0.0,NA,NA,50,10,1,NA,0.4378,0.12734,0.61455,0.12345,-0.0310244588,NA
1,FL,S27,S25_S30,MY_FN_HN,Y,N,N,K,6,10.7,2,1,0.0,12.0,0.0,0.0,NA,15,2.5,1,NA,0.323,0.06699,0.61455,0.22365,1.205538975,NA
1,FL,S28,S25_S30,MY_FN_HN,Y,N,N,K,6,10.2,3,30,5.0,8.0,0.0,0.0,NA,46,7.666666667,1,NA,0.5153,0.1047,0.61455,0.124533,0.1734716231,NA
1,FL,S29,S25_S30,MY_FN_HN,Y,N,N,K,3,9.1,0,10,0.0,NA,NA,NA,NA,10,3.333333333,0,NA,0.4378,0.10611,0.61455,0.54223,1.631213974,NA
1,FL,S30,S25_S30,MY_FN_HN,Y,N,N,K,5,8.1,0,0,2.0,0.0,0.0,NA,NA,2,0.4,1,NA,0.323,0.1152,0.61455,0.43133,1.32020371,NA
1,FL,S31,S30_S36,MY_FN_HN,Y,N,N,K,5,9.3,1,0,0.0,0.0,0.0,NA,NA,1,0.2,0,NA,0.5153,0.09183,0.61455,0.43234,1.549273274,NA
1,FL,S32,S30_S36,MY_FN_HN,Y,N,N,K,5,9.3,0,1,0.0,0.0,0.0,NA,NA,1,0.2,1,NA,0.323,0.11645,0.61455,0.10933,-0.06309116488,NA
1,FL,S33,S30_S36,MY_FN_HN,Y,N,N,K,6,10.6,1,0,18.0,1.0,0.0,0.0,NA,20,3.333333333,0,NA,0.323,0.10729,0.61455,0.44421,1.420761975,NA
1,FL,S34,S30_S36,MY_FN_HN,Y,N,N,K,4,7.8,2,8,1.0,2.0,NA,NA,NA,13,3.25,0,NA,0.5153,0.43133,0.61455,0.43213,0.001853010513,NA
1,FL,S35,S30_S36,MY_FN_HN,Y,N,N,K,5,10.3,0,1,0.0,1.0,0.0,NA,NA,2,0.4,0,NA,0.323,0.52344,0.61455,0.44213,-0.1688184541,NA
1,FL,S36,S30_S36,MY_FN_HN,Y,N,N,K,4,8,0,0,0.0,0.0,NA,NA,NA,0,0,1,NA,0.323,0.42355,0.61455,0.54321,0.2488244146,NA
2,FL,S37,S37_S42,MY_FY_HN,Y,Y,N,K,4,4,0,0,0.0,0.0,NA,NA,NA,0,0,0,S,0.6506,0.1084333333,0.6876,0.1146,0.05531225947,NA
2,FL,S38,S37_S42,MY_FY_HN,Y,Y,N,K,4,5.2,0,0,0.0,0.0,NA,NA,NA,0,0,1,S,0.6506,0.1084333333,0.6876,0.1146,0.05531225947,NA
2,FL,S39,S37_S42,MY_FY_HN,Y,Y,N,K,4,5,0,0,0.0,0.0,NA,NA,NA,0,0,0,S,0.6506,0.1084333333,0.6876,0.1146,0.05531225947,NA
2,FL,S40,S37_S42,MY_FY_HN,Y,Y,N,K,4,5,0,0,0.0,1.0,NA,NA,NA,1,0.25,0,S,0.6506,0.1084333333,0.6876,0.1146,0.05531225947,NA
2,FL,S41,S37_S42,MY_FY_HN,Y,Y,N,K,4,4,0,0,0.0,12.0,0.0,NA,NA,12,3,0,S,0.6506,0.1084333333,0.6876,0.1146,0.05531225947,NA
2,FL,S42,S37_S42,MY_FY_HN,Y,Y,N,K,4,6.1,0,0,0.0,8.0,1.0,NA,NA,9,2.25,0,S,0.6506,0.1084333333,0.6876,0.1146,0.05531225947,NA
2,FL,S43,S43_S48,MY_FY_HN,Y,Y,N,K,3,6.8,0,0,0.0,NA,0.0,NA,NA,0,0,0,S,0.6282,0.1047,0.6239,0.1039833333,-0.006868487988,NA
2,FL,S44,S43_S48,MY_FY_HN,Y,Y,N,K,4,7.3,0,0,1.0,0.0,NA,NA,NA,1,0.25,0,S,0.6282,0.1047,0.6239,0.1039833333,-0.006868487988,NA
2,FL,S45,S43_S48,MY_FY_HN,Y,Y,N,K,4,5.9,0,44,14.0,1.0,2.0,NA,NA,61,15.25,0,S,0.6282,0.1047,0.6239,0.1039833333,-0.006868487988,NA
2,FL,S46,S43_S48,MY_FY_HN,Y,Y,N,K,4,6.2,4,0,0.0,0.0,0.0,0.0,NA,4,1,1,S,0.6282,0.1047,0.6239,0.1039833333,-0.006868487988,NA
2,FL,S47,S43_S48,MY_FY_HN,Y,Y,N,K,4,8,3,12,0.0,0.0,1.0,NA,NA,16,4,1,S,0.6282,0.1047,0.6239,0.1039833333,-0.006868487988,NA
2,FL,S48,S43_S48,MY_FY_HN,Y,Y,N,K,4,6.6,2,0,9.0,3.0,5.0,NA,NA,19,4.75,1,S,0.6282,0.1047,0.6239,0.1039833333,-0.006868487988,NA
2,FL,S49,S49_S54,MY_FY_HN,Y,Y,N,K,4,8,2,0,16.0,1.0,0.0,NA,NA,19,4.75,1,S,0.7222,0.1203666667,0.6434,0.1072333333,-0.115535494,NA
2,FL,S50,S49_S54,MY_FY_HN,Y,Y,N,K,4,8,0,24,0.0,0.0,1.0,NA,NA,25,6.25,1,S,0.7222,0.1203666667,0.6434,0.1072333333,-0.115535494,NA
2,FL,S51,S49_S54,MY_FY_HN,Y,Y,N,K,3,6.5,0,3,0.0,0.0,0.0,NA,NA,3,1,10,S,0.7222,0.1203666667,0.6434,0.1072333333,-0.115535494,NA
2,FL,S52,S49_S54,MY_FY_HN,Y,Y,N,K,4,7.6,0,6,0.0,2.0,2.0,NA,NA,10,2.5,1,S,0.7222,0.1203666667,0.6434,0.1072333333,-0.115535494,NA
2,FL,S53,S49_S54,MY_FY_HN,Y,Y,N,K,3,4.9,3,0,1.0,1.0,0.0,NA,NA,5,1.666666667,0,S,0.7222,0.1203666667,0.6434,0.1072333333,-0.115535494,NA
2,FL,S54,S49_S54,MY_FY_HN,Y,Y,N,K,4,5.5,1,2,0.0,0.0,0.0,NA,NA,3,0.75,1,S,0.7222,0.1203666667,0.6434,0.1072333333,-0.115535494,NA
4,FL,S55,S55,MN_FN_HN,N,N,N,K,4,4.3,0,8,0.0,3.0,NA,NA,NA,11,2.75,1,S,NA,0.033,NA,0.0604,0.3022407717,Done with the 4th round
4,FL,S56,S56,MN_FN_HN,N,N,N,K,4,4.2,0,0,0.0,0.0,NA,NA,NA,0,0,0,S,NA,0.0199,NA,NA,NA,Done with the 4th round
4,FL,S57,S57,MN_FN_HN,N,N,N,K,4,4.7,0,2,0.0,0.0,NA,NA,NA,2,0.5,1,S,NA,0.0541,NA,0.1236,0.4131081796,Done with the 4th round
4,FL,S58,S58,MN_FN_HN,N,N,N,K,4,5,5,2,11.0,0.0,NA,NA,NA,18,4.5,1,S,NA,0.0221,NA,0.0512,0.8401619235,Done with the 4th round
4,FL,S59,S59,MN_FN_HN,N,N,N,K,4,4.2,0,0,2.0,0.0,NA,NA,NA,2,0.5,1,S,NA,0.0566,NA,0.1239,0.3917329017,Done with the 4th round
4,FL,S60,S60,MN_FN_HN,N,N,N,K,4,4.8,0,0,7.0,6.0,NA,NA,NA,13,3.25,1,S,NA,0.0494,NA,0.1003,0.7082152708,Done with the 4th round
4,FL,S61,S61,MN_FN_HN,N,N,N,K,5,6.4,2,8,5.0,5.0,4.0,NA,NA,24,4.8,1,S,NA,0.0538,NA,0.1153,0.3811319801,Done with the 4th round
4,FL,S62,S62,MN_FN_HN,N,N,N,K,3,4.3,1,3,7.0,NA,NA,NA,NA,11,3.666666667,1,S,NA,0.0463,NA,0.1078,0.8451356974,Done with the 4th round
4,FL,S63,S63,MN_FN_HN,N,N,N,K,4,5.2,2,2,3.0,12.0,NA,NA,NA,19,4.75,1,S,NA,0.0515,NA,0.0968,0.3155325933,Done with the 4th round
4,FL,S64,S64,MN_FN_HN,N,N,N,K,4,5.6,0,5,1.0,0.0,NA,NA,NA,6,1.5,1,S,NA,0.0303,NA,0.0795,0.9646093091,Done with the 4th round
4,FL,S65,S65,MN_FN_HN,N,N,N,K,4,5,0,8,14.0,5.0,NA,NA,NA,27,6.75,1,S,NA,0.0617,NA,0.1369,0.3984834007,Done with the 4th round
4,FL,S66,S66,MN_FN_HN,N,N,N,K,4,4.9,0,2,4.0,2.0,NA,NA,NA,8,2,1,S,NA,0.0468,NA,0.0846,0.5920510637,Done with the 4th round
4,FL,S67,S67,MN_FN_HN,N,N,N,K,3,6.6,5,10,7.0,NA,NA,NA,NA,22,7.333333333,1,S,NA,0.0492,NA,0.0766,0.2213517266,Done with the 4th round
4,FL,S68,S68,MN_FN_HN,N,N,N,K,3,5,0,3,0.0,NA,NA,NA,NA,3,1,1,S,NA,0.0464,NA,0.0761,0.4947488056,Done with the 4th round
4,FL,S69,S69,MN_FN_HN,N,N,N,K,5,5.7,0,2,5.0,0.0,2.0,NA,NA,9,1.8,1,S,NA,0.0506,NA,0.0798,0.2277859641,Done with the 4th round
4,FL,S70,S70,MN_FN_HN,N,N,N,K,5,6.4,3,2,0.0,5.0,0.0,NA,NA,10,2,1,S,NA,0.0447,NA,0.1359,1.11194582,Done with the 4th round
4,FL,S71,S71,MN_FN_HN,N,N,N,K,4,6,1,2,2.0,3.0,NA,NA,NA,8,2,1,S,NA,0.0494,NA,0.1356,0.5048794757,Done with the 4th round
4,FL,S72,S72,MN_FN_HN,N,N,N,K,4,5.1,0,0,13.0,0.0,NA,NA,NA,13,3.25,0,S,NA,0.0462,NA,0.0837,0.2971295897,Done with the 4th round
3,FL,S73,S73,MN_FY_HN,N,Y,N,K,6,11.1,0,8,0.0,1.0,NA,NA,NA,9,1.5,0,S,NA,0.10077,NA,0.05209,-0.3299338503,NA
3,FL,S74,S74,MN_FY_HN,N,Y,N,K,6,9.5,0,1,0.0,1.0,NA,NA,NA,2,0.3333333333,1,S,NA,0.14683,NA,0.05212,-0.5178633514,NA
3,FL,S75,S75,MN_FY_HN,N,Y,N,K,5,9.5,0,0,0.0,1.0,1.0,0.0,NA,2,0.4,1,S,NA,0.1273,NA,0.063,-0.3517058896,NA
3,FL,S76,S76,MN_FY_HN,N,Y,N,K,7,9,25,0,2.0,0.0,0.0,NA,NA,27,3.857142857,1,S,NA,0.1056,NA,0.06943,-0.2096696603,NA
3,FL,S77,S77,MN_FY_HN,N,Y,N,K,6,9.6,2,0,0.0,1.0,0.0,NA,NA,3,0.5,1,S,NA,0.10279,NA,0.0409,-0.4607790045,NA
3,FL,S78,S78,MN_FY_HN,N,Y,N,K,7,9.5,0,23,3.0,0.0,0.0,NA,NA,26,3.714285714,1,S,NA,0.12734,NA,0.22345,0.2811635004,NA
3,FL,S79,S79,MN_FY_HN,N,Y,N,K,5,12,1,3,0.0,0.0,NA,NA,NA,4,0.8,1,S,NA,0.06699,NA,0.22341,0.6022326469,NA
3,FL,S80,S80,MN_FY_HN,N,Y,N,K,5,10.8,2,5,8.0,0.0,0.0,NA,NA,15,3,0,S,NA,0.1047,NA,0.55321,0.8323192792,NA
3,FL,S81,S81,MN_FY_HN,N,Y,N,K,6,7.8,0,0,0.0,0.0,0.0,NA,NA,0,0,1,S,NA,0.10611,NA,0.11822,0.05403550176,NA
3,FL,S82,S82,MN_FY_HN,N,Y,N,K,4,9.1,0,2,7.0,0.0,20.0,NA,NA,29,7.25,0,S,NA,0.1152,NA,0.23111,0.3481120197,NA
3,FL,S83,S83,MN_FY_HN,N,Y,N,K,6,8.4,15,6,0.0,1.0,1.0,NA,NA,23,3.833333333,1,S,NA,0.09183,NA,0.44567,0.7898198631,NA
3,FL,S84,S84,MN_FY_HN,N,Y,N,K,6,8.5,35,1,2.0,14.0,1.0,0.0,NA,53,8.833333333,0,S,NA,0.11645,NA,0.144211,0.1069077543,NA
3,FL,S85,S85,MN_FY_HN,N,Y,N,K,6,8.8,35,0,0.0,0.0,0.0,0.0,NA,35,5.833333333,1,S,NA,0.10729,NA,0.22154,0.3625338557,NA
3,FL,S86,S86,MN_FY_HN,N,Y,N,K,7,9.2,27,0,0.0,0.0,0.0,NA,NA,27,3.857142857,0,S,NA,0.5531,NA,0.11331,-0.7927056958,NA
3,FL,S87,S87,MN_FY_HN,N,Y,N,K,6,5.75,27,0,18.0,0.0,0.0,NA,NA,45,7.5,1,S,NA,0.55321,NA,0.23451,-0.4291197227,NA
3,FL,S88,S88,MN_FY_HN,N,Y,N,K,8,5.58,80,0,1.0,0.0,2.0,NA,NA,83,10.375,0,S,NA,0.55321,NA,0.44213,-0.1120668599,NA
3,FL,S89,S89,MN_FY_HN,N,Y,N,K,7,7.5,8,0,0.0,NA,0.0,NA,NA,8,1.142857143,1,S,NA,0.53211,NA,0.13566,-0.6833492397,NA
3,FL,S90,S90,MN_FY_HN,N,Y,N,K,4,6,6,0,0.0,12.0,8.0,NA,NA,26,6.5,0,S,NA,0.55321,NA,0.14418,-0.6723375786,NA
3,FL,S91,S91_S96,MY_FN_HN,Y,N,N,K,5,5.5,15,0,5.0,8.0,0.0,NA,NA,28,5.6,1,S,0.1749,0.02915,0.2479,0.04131666667,0.1744055285,NA
3,FL,S92,S91_S96,MY_FN_HN,Y,N,N,K,5,6.3,17,1,6.0,NA,0.0,NA,NA,24,4.8,0,S,0.1749,0.02915,0.2479,0.04131666667,0.1744055285,NA
3,FL,S93,S91_S96,MY_FN_HN,Y,N,N,K,5,6.4,19,0,16.0,0.0,0.0,NA,NA,35,7,1,S,0.1749,0.02915,0.2479,0.04131666667,0.1744055285,NA
3,FL,S94,S91_S96,MY_FN_HN,Y,N,N,K,5,5.8,2,0,7.0,0.0,0.0,NA,NA,9,1.8,0,S,0.1749,0.02915,0.2479,0.04131666667,0.1744055285,NA
3,FL,S95,S91_S96,MY_FN_HN,Y,N,N,K,5,5.85,18,0,6.0,0.0,0.0,NA,NA,24,4.8,1,S,0.1749,0.02915,0.2479,0.04131666667,0.1744055285,NA
3,FL,S96,S91_S96,MY_FN_HN,Y,N,N,K,6,6.2,13,0,15.0,0.0,0.0,NA,NA,28,4.666666667,0,S,0.1749,0.02915,0.2479,0.04131666667,0.1744055285,NA
3,FL,S97,S97_S102,MY_FN_HN,Y,N,N,K,4,6.9,20,0,26.0,2.0,0.0,0.0,NA,48,12,1,S,0.1541,0.02568333333,0.2876,0.04793333333,0.3119844418,NA
3,FL,S98,S97_S102,MY_FN_HN,Y,N,N,K,5,6.4,40,0,14.0,1.0,0.0,NA,NA,55,11,0,S,0.1541,0.02568333333,0.2876,0.04793333333,0.3119844418,NA
3,FL,S99,S97_S102,MY_FN_HN,Y,N,N,K,3,5.4,50,0,4.0,0.0,0.0,0.0,NA,54,18,1,S,0.1541,0.02568333333,0.2876,0.04793333333,0.3119844418,NA
3,FL,S100,S97_S102,MY_FN_HN,Y,N,N,K,6,6.3,38,0,4.0,0.0,0.0,NA,NA,42,7,0,S,0.1541,0.02568333333,0.2876,0.04793333333,0.3119844418,NA
3,FL,S101,S97_S102,MY_FN_HN,Y,N,N,K,6,6.8,3,0,7.0,5.0,1.0,NA,NA,16,2.666666667,1,S,0.1541,0.02568333333,0.2876,0.04793333333,0.3119844418,NA
3,FL,S102,S97_S102,MY_FN_HN,Y,N,N,K,5,8.1,1,0,0.0,0.0,0.0,NA,NA,1,0.2,0,S,0.1541,0.02568333333,0.2876,0.04793333333,0.3119844418,NA
3,FL,S103,S103_S108,MY_FN_HN,Y,N,N,K,4,8.6,5,0,2.0,0.0,0.0,NA,NA,7,1.75,1,S,0.1262,0.02103333333,0.2064,0.0344,0.2459740418,NA
3,FL,S104,S103_S108,MY_FN_HN,Y,N,N,K,5,9.2,9,41,6.0,0.0,0.0,NA,NA,56,11.2,0,S,0.1262,0.02103333333,0.2064,0.0344,0.2459740418,NA
3,FL,S105,S103_S108,MY_FN_HN,Y,N,N,K,5,9.7,2,0,0.0,1.0,0.0,NA,NA,3,0.6,1,S,0.1262,0.02103333333,0.2064,0.0344,0.2459740418,NA
3,FL,S106,S103_S108,MY_FN_HN,Y,N,N,K,6,7.6,1,14,13.0,1.0,1.0,NA,NA,30,5,0,S,0.1262,0.02103333333,0.2064,0.0344,0.2459740418,NA
3,FL,S107,S103_S108,MY_FN_HN,Y,N,N,K,5,5,4,0,0.0,0.0,0.0,NA,NA,4,0.8,1,S,0.1262,0.02103333333,0.2064,0.0344,0.2459740418,NA
3,FL,S108,S103_S108,MY_FN_HN,Y,N,N,K,6,6,14,0,0.0,0.0,1.0,NA,NA,15,2.5,0,S,0.1262,0.02103333333,0.2064,0.0344,0.2459740418,NA
4,FL,S109,S109,MN_FY_HN,N,Y,N,K,5,10.8,0,2,0.0,0.0,0.0,0.0,NA,2,0.4,1,S,NA,0.0251,NA,0.0218,-0.07047893817,NA
4,FL,S110,S110,MN_FY_HN,N,Y,N,K,3,8.8,0,0,5.0,NA,NA,NA,NA,5,1.666666667,1,S,NA,0.0366,NA,0.058,0.2301973851,NA
4,FL,S111,S111,MN_FY_HN,N,Y,N,K,4,7.9,4,0,0.0,0.0,NA,NA,NA,4,1,1,S,NA,0.0329,NA,0.0668,0.3541152114,NA
4,FL,S112,S112,MN_FY_HN,N,Y,N,K,2,7,0,2,NA,NA,NA,NA,NA,2,1,1,S,NA,0.022,NA,0.0565,0.4715990924,NA
4,FL,S113,S113,MN_FY_HN,N,Y,N,K,6,8.8,0,3,0.0,0.0,4.0,0.0,NA,7,1.166666667,1,S,NA,0.0441,NA,0.0945,0.381070026,NA
4,FL,S114,S114,MN_FY_HN,N,Y,N,K,3,6.6,3,10,8.0,NA,NA,NA,NA,21,7,1,S,NA,0.0412,NA,0.0762,0.3074616032,NA
4,FL,S115,S115,MN_FY_HN,N,Y,N,K,5,10,4,0,0.0,2.0,0.0,NA,NA,6,1.2,1,S,NA,0.0276,NA,0.0443,0.2365844522,NA
4,FL,S116,S116,MN_FY_HN,N,Y,N,K,5,8.3,7,0,3.0,0.0,4.0,NA,NA,14,2.8,1,S,NA,0.0282,NA,0.0492,0.2782858228,NA
4,FL,S117,S117,MN_FY_HN,N,Y,N,K,5,7.9,0,0,5.0,3.0,0.0,NA,NA,8,1.6,1,S,NA,0.0278,NA,0.0474,0.266793104,NA
4,FL,S118,S118,MN_FY_HN,N,Y,N,K,5,7,3,0,0.0,0.0,0.0,NA,NA,3,0.6,1,S,NA,0.0414,NA,0.0861,0.3661142653,NA
4,FL,S119,S119,MN_FY_HN,N,Y,N,K,5,8.6,7,0,0.0,0.0,4.0,NA,NA,11,2.2,0,S,NA,0.0098,NA,0.0098,0,NA
4,FL,S120,S120,MN_FY_HN,N,Y,N,K,4,5.7,3,1,0.0,0.0,NA,NA,NA,4,1,1,S,NA,0.0404,NA,0.0815,0.3508866176,NA
4,FL,S121,S121,MN_FY_HN,N,Y,N,K,2,6.5,0,2,NA,NA,NA,NA,NA,2,1,1,S,NA,0.0297,NA,0.0491,0.2513559945,NA
4,FL,S122,S122,MN_FY_HN,N,Y,N,K,6,10.7,7,0,5.0,0.0,0.0,0.0,NA,12,2,1,S,NA,0.041,NA,0.0663,0.2403089152,NA
4,FL,S123,S123,MN_FY_HN,N,Y,N,K,7,10,0,8,2.0,3.0,0.0,4.0,2.0,19,2.714285714,1,S,NA,0.0421,NA,0.0208,-0.352547377,NA
4,FL,S124,S124,MN_FY_HN,N,Y,N,K,4,8.7,0,0,0.0,0.0,NA,NA,NA,0,0,1,S,NA,0.0363,NA,0.0713,0.3375392931,NA
4,FL,S125,S125,MN_FY_HN,N,Y,N,K,6,13.5,0,3,0.0,0.0,0.0,NA,NA,3,0.5,1,S,NA,0.0263,NA,0.0434,0.250445251,NA
4,FL,S126,S126,MN_FY_HN,N,Y,N,K,6,9.8,7,7,0.0,0.0,0.0,0.0,NA,14,2.333333333,1,S,NA,0.0366,NA,0.0472,0.1271728261,NA
4,FL,S127,S127_S132,MY_FN_HN,Y,N,N,K,6,6.9,0,0,4.0,0.0,3.0,0.0,NA,7,1.166666667,1,S,0.1812,0.0302,0.3435,0.05725,0.319792859,NA
4,FL,S128,S127_S132,MY_FY_HN,Y,N,N,K,5,6,0,1,0.0,14.0,0.0,NA,NA,15,3,1,S,0.1812,0.0302,0.3435,0.05725,0.319792859,NA
4,FL,S129,S127_S132,MY_FY_HN,Y,N,N,K,4,6.9,3,0,13.0,0.0,NA,NA,NA,16,4,1,S,0.1812,0.0302,0.3435,0.05725,0.319792859,NA
4,FL,S130,S127_S132,MY_FY_HN,Y,N,N,K,5,7.1,9,2,4.0,3.0,0.0,NA,NA,18,3.6,1,S,0.1812,0.0302,0.3435,0.05725,0.319792859,NA
4,FL,S131,S127_S132,MY_FY_HN,Y,N,N,K,5,5.6,2,0,1.0,9.0,5.0,NA,NA,17,3.4,1,S,0.1812,0.0302,0.3435,0.05725,0.319792859,NA
4,FL,S132,S127_S132,MY_FY_HN,Y,N,N,K,4,6.4,0,8,4.0,0.0,NA,NA,NA,12,3,1,S,0.1812,0.0302,0.3435,0.05725,0.319792859,NA
4,FL,S133,S133_S138,MY_FY_HN,Y,N,N,K,4,5.4,0,3,5.0,2.0,NA,NA,NA,10,2.5,1,S,0.1172,0.01953333333,0.2221,0.03701666667,0.3196229269,NA
4,FL,S134,S133_S138,MY_FY_HN,Y,N,N,K,4,5.7,1,0,6.0,5.0,NA,NA,NA,12,3,1,S,0.1172,0.01953333333,0.2221,0.03701666667,0.3196229269,NA
4,FL,S135,S133_S138,MY_FY_HN,Y,N,N,K,4,6.7,4,7,0.0,2.0,NA,NA,NA,13,3.25,1,S,0.1172,0.01953333333,0.2221,0.03701666667,0.3196229269,NA
4,FL,S136,S133_S138,MY_FY_HN,Y,N,N,K,4,5.7,3,1,0.0,0.0,NA,NA,NA,4,1,1,S,0.1172,0.01953333333,0.2221,0.03701666667,0.3196229269,NA
4,FL,S137,S133_S138,MY_FY_HN,Y,N,N,K,4,7.4,6,2,0.0,0.0,NA,NA,NA,8,2,1,S,0.1172,0.01953333333,0.2221,0.03701666667,0.3196229269,NA
4,FL,S138,S133_S138,MY_FY_HN,Y,N,N,K,5,6,0,1,5.0,7.0,2.0,NA,NA,15,3,1,S,0.1172,0.01953333333,0.221,0.03683333333,0.3171404122,NA
4,FL,S139,S139_S144,MY_FY_HN,Y,N,N,K,4,4.6,0,5,7.0,13.0,NA,NA,NA,25,6.25,1,S,0.1338,0.0223,0.2108,0.03513333333,0.2272818345,NA
4,FL,S140,S139_S144,MY_FY_HN,Y,N,N,K,4,6.4,0,0,0.0,0.0,NA,NA,NA,0,0,1,S,0.1338,0.0223,0.2108,0.03513333333,0.2272818345,NA
4,FL,S141,S139_S144,MY_FY_HN,Y,N,N,K,5,6.5,4,1,0.0,0.0,5.0,NA,NA,10,2,1,S,0.1338,0.0223,0.2108,0.03513333333,0.2272818345,NA
4,FL,S142,S139_S144,MY_FY_HN,Y,N,N,K,5,6.4,0,0,12.0,0.0,11.0,NA,NA,23,4.6,1,S,0.1338,0.0223,0.2108,0.03513333333,0.2272818345,NA
4,FL,S143,S139_S144,MY_FY_HN,Y,N,N,K,5,4.5,0,1,2.0,4.0,0.0,NA,NA,7,1.4,1,S,0.1338,0.0223,0.2108,0.03513333333,0.2272818345,NA
4,FL,S144,S139_S144,MY_FY_HN,Y,N,N,K,4,4.5,1,2,7.0,6.0,2.0,NA,NA,18,4.5,1,S,0.1338,0.0223,0.2108,0.03513333333,0.2272818345,NA
